JUNCAO_AGENCIA;CONTA;CNPJ_BASICO;CNPJ_COMPLETO;RAZAO_SOCIAL;NOME_GERENTE;FUNCAO;COD_CLIE;SUBSEGMENTO;SUBSEGMENTO_AJUSTADO;MAIOR_SUBSEGMENTO_AJUSTADO;DT_FUNDACAO;DT_ABERT_CTA;DULT_MOVTO_CTA;STATUS_CONTA;MUNICIPIO;UF;SITUACAO_RECEITA;SECAO_CNAE;DIVISAO_CNAE;GRUPO_CNAE;CLASS_CNAE;ATIVIDADE_CNAE;COD_CNAE;COD_NATUREZA;CEP;ENDERECO;RATING;GRAU_DE_RESTRICAO;PERFIL;PERFIL_RISCO;PORTE_EMPRESA;ANOS_FUNDACAO;ANOS_RELACIONAMENTO;ROB;FATURAMENTO_VUC;Indice Perfil Risco;AgConta;ANOMES;TOTAL_PRODUTOS;POSSUI_OPEN;POSSUI_ALELO;POSSUI_CIELO;POSSUI_CTA_GARANTIDA;POSSUI_CHEQUE;POSSUI_CDC;POSSUI_DESCONTO;POSSUI_CAGIRO;POSSUI_CREDITO;POSSUI_DEBITO_AUTOMATICO;POSSUI_CONSORCIO_PESADOS;POSSUI_CONSORCIO_IMOVEL;POSSUI_CONSORCIO_AUTO;POSSUI_PREVIDENCIA;POSSUI_SEGURO_SAUDE;POSSUI_SEGURO_AUTO;POSSUI_SEGURO_DENTAL;POSSUI_SEGURO_VIDA;POSSUI_POUPANCA;POSSUI_LCA;POSSUI_LCI;POSSUI_CORRETORA;POSSUI_FUNDOS;POSSUI_CDB;POSSUI_CARTAO;POSSUI_FOLHA;POSSUI_INVEST_FACIL;POSSUI_INVESTIMENTO;POSSUI_PIX;POSSUI_PIX_CHAVE;POSSUI_M_TOKEN;POSSUI_CAMBIO_PRONTO;POSSUI_VELOE;POSSUI_RECEBIDOS;POSSUI_ROTATIVOS_NOVOS;POSSUI_CONSORCIO;POSSUI_SEGUROS;POSSUI_CIELO_LEGADO;POSSUI_CIELO_NOVO;POSSUI_BOLETO;VALOR_RECEBIDO;VALOR_ENVIADO;MEDALHA_CASH;MEDALHA_RISCO;MEDALHA_PRODUTO;MEDALHAS;NIVEL_CONECTA;NIVEL_POR_ROB;PCT_CASH;PCT_RISCO;PRODUTOS_GRUPO;DATA_GRADUACAO;FATURAMENTO_BRA;RENC_SEM_PPC;SOMA_ROB;CAPTACAO;APLICACAO;RECEITA_SERVICOS;RECEITA_LIGADAS;RESULTADO;SALDO_MEDIO;RAR_VALOR;PDD_PERCENTUAL;DIGITAL
1000-100000;100000;12000000;12000000100010;EMPRESA EXEMPLO 01 LTDA;Mariana Costa;G123456;C0000001;MEI;MEI;MEI;01/01/2000;01/03/2015;01/09/2026;ATIVO;Osasco;SP;ATIVA;G;46;COMÉRCIO;46443;Comércio atacadista de medicamentos;4644301;2062;06000-000;Rua Exemplo, 100;AA;0;CONSERVADOR;BAIXO;MEI - Opt. SIMEI;26;11;30224.47;5144260.24;1;1000100000;202609;15;1;1;0;0;0;1;0;1;1;0;1;1;0;0;1;0;0;1;0;0;0;1;0;0;1;1;0;0;1;1;0;0;0;0;0;0;0;0;0;1;3346167.70;591907.01;0;0;1;1;1;0;17.58;23.07;5;01/08/2026;4881708.44;23024.73;30224.47;723435.99;1006911.89;8776.10;7154.42;17378.79;2558164.24;12807.28;0.0405;S
1001-100001;100001;12000001;12000001100111;EMPRESA EXEMPLO 02 LTDA;Rafael Almeida;G234567;C0000002;PJ;NEGÓCIOS REDE;NEGÓCIOS REDE;04/02/2001;06/04/2016;30/08/2026;ATIVO;São Paulo;SP;ATIVA;C;25;INDÚSTRIA;25110;Fabricação de estruturas metálicas;2511000;2062;01000-000;Rua Exemplo, 101;A;0;MODERADO;BAIXO;Micro - até R$360 mil;25;10;215498.57;7409098.14;1;1001100001;202609;9;0;0;0;1;0;0;0;1;0;0;0;1;0;0;0;1;1;0;0;0;0;0;0;0;0;1;0;0;1;0;0;0;0;0;0;1;0;0;0;1;5351514.21;2966167.06;0;0;0;0;0;1;32.01;15.28;0;29/07/2026;7570572.34;140826.97;215498.57;541510.32;753376.24;40024.63;60883.86;184182.64;1228856.93;142489.64;0.1144;N
1002-100002;100002;12000002;12000002100212;EMPRESA EXEMPLO 03 LTDA;Camila Santos;G345678;C0000003;PJ;PJ;PJ;07/03/2002;11/05/2017;28/08/2026;REATIVADO;Barueri;SP;ATIVA;J;62;TECNOLOGIA;62015;Desenvolvimento de programas de computador;6201501;2062;06400-000;Rua Exemplo, 102;B;1;ARROJADO;BAIXO;Pequena - R$360 mil até R$3,6 Mi;24;9;140356.58;4351881.92;1;1002100002;202609;17;0;1;0;1;0;0;0;0;1;0;0;1;0;1;0;0;1;0;0;1;0;0;1;0;1;1;0;0;1;0;0;1;1;0;0;1;1;1;0;1;2541549.26;1753604.88;1;0;0;1;1;1;60.17;18.93;1;26/07/2026;4274507.44;126649.76;140356.58;1160899.07;368280.88;34330.46;25462.37;81829.86;2652981.86;55153.67;0.0081;N
1003-100003;100003;12000003;12000003100313;EMPRESA EXEMPLO 04 LTDA;Lucas Pereira;G456789;C0000004;EMPRESAS;EMPRESAS;EMPRESAS;10/04/2003;16/06/2018;26/08/2026;INATIVO;Campinas;SP;ATIVA;M;70;SERVIÇOS;70204;Consultoria em gestão empresarial;7020400;2062;13000-000;Rua Exemplo, 103;C;2;CONSERVADOR;MEDIO;Média - R$3,6 Mi até R$150 Mi;23;8;145133.76;5255367.47;2;1003100003;202609;17;1;0;0;1;1;0;1;1;0;0;1;0;0;1;0;0;1;1;0;1;0;0;0;0;1;0;0;0;1;1;0;0;0;0;0;1;1;1;0;1;1040914.23;653399.76;0;0;1;1;1;1;49.83;8.70;4;23/07/2026;5380846.21;108375.55;145133.76;1198169.51;1014442.77;28597.27;17993.30;125047.33;1022550.62;94796.09;0.0876;N
1004-100004;100004;12000004;12000004100414;EMPRESA EXEMPLO 05 LTDA;Fernanda Lima;G567890;C0000005;MEI;MEI;MEI;13/05/2004;21/07/2019;24/08/2026;PARALISADO;Santos;SP;ATIVA;I;56;ALIMENTAÇÃO;56112;Lanchonetes e similares;5611203;2062;11000-000;Rua Exemplo, 104;D;3;MODERADO;MEDIO;Grande - Acima de R$150 Mi;22;7;159172.68;4220439.11;2;1004100004;202609;15;0;0;1;0;0;0;0;0;1;0;0;0;1;1;1;0;0;0;0;1;0;0;0;0;0;1;0;0;1;1;1;1;1;0;1;0;0;1;0;1;1477718.90;431868.52;0;0;0;0;0;1;41.77;22.98;0;20/07/2026;4381676.45;103807.49;159172.68;1959999.95;246565.05;37941.53;38381.86;118793.34;491901.83;104629.35;0.0054;S
1005-100005;100005;12000005;12000005100515;EMPRESA EXEMPLO 06 LTDA;Mariana Costa;G123456;C0000006;PJ;NEGÓCIOS REDE;NEGÓCIOS REDE;16/06/2005;26/08/2020;22/08/2026;ATIVO;Sorocaba;SP;ATIVA;G;46;COMÉRCIO;46443;Comércio atacadista de medicamentos;4644301;2062;18000-000;Rua Exemplo, 105;E;4;ARROJADO;ALTO;MEI - Opt. SIMEI;21;6;73117.13;3004190.60;3;1005100005;202609;14;1;1;0;0;0;1;0;0;0;0;0;0;0;0;0;1;1;0;1;0;1;0;0;0;0;0;1;1;1;1;1;0;1;0;0;0;0;1;0;0;1417165.15;1278868.49;0;1;1;2;2;0;48.21;49.17;6;17/07/2026;3141509.18;51897.59;73117.13;248376.67;1455748.91;13578.84;21387.26;47007.97;478190.06;33004.17;0.0909;N
1000-100006;100006;12000006;12000006100616;EMPRESA EXEMPLO 07 LTDA;Rafael Almeida;G234567;C0000007;PJ;PJ;PJ;19/07/2006;04/09/2021;20/08/2026;ATIVO;Osasco;SP;ATIVA;C;25;INDÚSTRIA;25110;Fabricação de estruturas metálicas;2511000;2062;06000-000;Rua Exemplo, 106;AA;0;CONSERVADOR;BAIXO;Micro - até R$360 mil;20;5;76338.70;4130470.63;1;1000100006;202609;9;1;1;0;1;0;0;0;0;0;0;1;0;0;0;0;0;0;0;0;0;0;1;0;0;1;0;0;0;1;1;0;0;0;0;0;0;1;0;0;0;1201641.30;719394.92;0;1;1;2;2;0;35.14;58.20;6;14/07/2026;4449456.06;61184.31;76338.70;1616994.53;225294.17;12156.38;22656.35;58318.64;3085532.89;41370.99;0.1078;N
1001-100007;100007;12000007;12000007100717;EMPRESA EXEMPLO 08 LTDA;Camila Santos;G345678;C0000008;EMPRESAS;EMPRESAS;EMPRESAS;22/08/2007;09/10/2022;18/08/2026;REATIVADO;São Paulo;SP;ATIVA;J;62;TECNOLOGIA;62015;Desenvolvimento de programas de computador;6201501;2062;01000-000;Rua Exemplo, 107;A;0;MODERADO;BAIXO;Pequena - R$360 mil até R$3,6 Mi;19;4;59263.16;3121109.46;1;1001100007;202609;12;1;0;0;0;0;0;1;0;0;0;0;0;1;1;0;0;0;0;0;0;0;0;0;0;1;1;0;0;1;1;1;0;0;1;0;0;1;0;0;1;1246772.56;414276.58;0;0;1;1;1;0;41.12;26.51;3;11/07/2026;2812678.98;42854.11;59263.16;851884.17;1357733.53;15812.35;14170.09;50365.16;3074098.58;34406.12;0.1130;N
1002-100008;100008;12000008;12000008100818;EMPRESA EXEMPLO 09 LTDA;Lucas Pereira;G456789;C0000009;MEI;MEI;MEI;25/09/2008;14/11/2023;16/08/2026;INATIVO;Barueri;SP;ATIVA;M;70;SERVIÇOS;70204;Consultoria em gestão empresarial;7020400;2062;06400-000;Rua Exemplo, 108;B;1;ARROJADO;BAIXO;Média - R$3,6 Mi até R$150 Mi;18;3;262424.66;6839307.77;1;1002100008;202609;16;1;0;0;0;1;1;0;1;0;0;0;1;0;1;0;1;0;0;1;0;1;0;1;0;1;1;0;0;1;0;1;1;1;0;0;0;0;0;0;0;4915097.35;1614169.60;0;1;1;2;2;0;19.47;48.51;4;08/07/2026;6580835.17;210606.20;262424.66;527362.52;556498.29;71163.94;76824.02;210313.69;3122277.95;127727.30;0.1393;S
1003-100009;100009;12000009;12000009100919;EMPRESA EXEMPLO 10 LTDA;Fernanda Lima;G567890;C0000010;PJ;NEGÓCIOS REDE;NEGÓCIOS REDE;01/10/2009;19/12/2024;14/08/2026;PARALISADO;Campinas;SP;ATIVA;I;56;ALIMENTAÇÃO;56112;Lanchonetes e similares;5611203;2062;13000-000;Rua Exemplo, 109;C;2;CONSERVADOR;MEDIO;Grande - Acima de R$150 Mi;17;2;170674.85;4640310.09;2;1003100009;202609;10;0;0;1;0;0;1;0;0;0;0;0;0;1;0;0;1;0;1;0;0;0;0;0;0;1;0;0;0;1;1;0;0;0;0;0;1;0;1;0;0;2917360.23;863726.61;0;1;0;1;1;1;34.38;36.69;2;05/07/2026;4629709.62;147694.78;170674.85;1763033.56;1053269.71;35031.65;17413.99;150504.82;388171.20;120708.80;0.1036;N
1004-100010;100010;12000010;12000010101020;EMPRESA EXEMPLO 11 LTDA;Mariana Costa;G123456;C0000011;PJ;PJ;PJ;04/11/2010;24/01/2015;12/08/2026;ATIVO;Santos;SP;ATIVA;G;46;COMÉRCIO;46443;Comércio atacadista de medicamentos;4644301;2062;11000-000;Rua Exemplo, 110;D;3;MODERADO;MEDIO;MEI - Opt. SIMEI;16;11;115230.81;5195550.97;2;1004100010;202609;18;0;1;1;0;0;0;0;0;0;0;0;0;1;1;1;1;1;0;0;1;1;0;0;0;1;1;1;1;1;1;1;0;1;0;0;0;1;0;0;0;1134979.98;395575.61;0;1;1;2;2;0;13.85;66.17;3;02/07/2026;4933893.62;91646.01;115230.81;993658.19;867646.63;33104.68;15019.81;96090.94;3799046.29;55714.81;0.0624;N
1005-100011;100011;12000011;12000011101121;EMPRESA EXEMPLO 12 LTDA;Rafael Almeida;G234567;C0000012;EMPRESAS;EMPRESAS;EMPRESAS;07/12/2011;02/02/2016;10/08/2026;ATIVO;Sorocaba;SP;ATIVA;C;25;INDÚSTRIA;25110;Fabricação de estruturas metálicas;2511000;2062;18000-000;Rua Exemplo, 111;E;4;ARROJADO;ALTO;Micro - até R$360 mil;15;10;127929.58;4801324.62;3;1005100011;202609;19;1;0;0;0;0;0;0;1;0;1;0;0;1;1;1;0;1;0;0;0;1;0;0;0;1;1;1;0;1;0;1;1;1;1;1;1;1;0;0;0;2142721.38;394557.21;0;0;1;1;1;1;40.19;22.70;4;29/06/2026;4873535.69;119329.54;127929.58;98924.35;650882.85;27436.33;19198.85;74450.46;3849548.85;62730.88;0.1499;N
1000-100012;100012;12000012;12000012101222;EMPRESA EXEMPLO 13 LTDA;Camila Santos;G345678;C0000013;MEI;MEI;MEI;10/01/2012;07/03/2017;08/08/2026;REATIVADO;Osasco;SP;ATIVA;J;62;TECNOLOGIA;62015;Desenvolvimento de programas de computador;6201501;2062;06000-000;Rua Exemplo, 112;AA;0;CONSERVADOR;BAIXO;Pequena - R$360 mil até R$3,6 Mi;14;9;78002.10;5404470.15;1;1000100012;202609;7;0;0;0;0;0;1;0;0;0;1;0;0;0;0;0;0;0;0;0;0;0;0;0;0;0;1;0;0;1;1;1;0;0;0;0;1;0;0;0;0;2133654.62;755978.71;0;1;1;2;2;0;21.88;40.80;4;26/06/2026;5626498.35;58144.45;78002.10;1685983.25;174624.37;26474.86;17904.75;47104.68;3733979.59;30719.39;0.0724;S
1001-100013;100013;12000013;12000013101323;EMPRESA EXEMPLO 14 LTDA;Lucas Pereira;G456789;C0000014;PJ;NEGÓCIOS REDE;NEGÓCIOS REDE;13/02/2013;12/04/2018;06/08/2026;INATIVO;São Paulo;SP;ATIVA;M;70;SERVIÇOS;70204;Consultoria em gestão empresarial;7020400;2062;01000-000;Rua Exemplo, 113;A;0;MODERADO;BAIXO;Média - R$3,6 Mi até R$150 Mi;13;8;80171.95;3819980.67;1;1001100013;202609;11;1;1;0;0;1;1;0;0;0;0;1;1;0;0;0;0;0;0;0;0;0;0;0;0;0;1;0;0;1;1;0;0;0;0;0;0;1;0;1;0;1512663.34;1191499.84;1;0;0;1;1;1;78.28;6.00;1;23/06/2026;4089168.09;72216.47;80171.95;325635.21;706888.45;27566.38;13445.82;63531.99;2616854.78;53882.61;0.0570;N
1002-100014;100014;12000014;12000014101424;EMPRESA EXEMPLO 15 LTDA;Fernanda Lima;G567890;C0000015;PJ;PJ;PJ;16/03/2014;17/05/2019;04/08/2026;PARALISADO;Barueri;SP;ATIVA;I;56;ALIMENTAÇÃO;56112;Lanchonetes e similares;5611203;2062;06400-000;Rua Exemplo, 114;B;1;ARROJADO;BAIXO;Grande - Acima de R$150 Mi;12;7;78040.11;2587956.34;1;1002100014;202609;15;0;0;1;1;0;0;0;0;0;1;0;0;0;0;0;1;0;0;0;1;0;0;0;1;1;1;0;1;1;1;0;1;1;1;0;0;0;1;0;0;1713230.40;239803.42;1;0;1;2;2;0;73.40;17.95;3;20/06/2026;2333352.14;70452.55;78040.11;775101.31;541643.94;16324.00;18718.37;43521.32;3328648.37;29965.82;0.1167;N
1003-100015;100015;12000015;12000015101525;EMPRESA EXEMPLO 16 LTDA;Mariana Costa;G123456;C0000016;EMPRESAS;EMPRESAS;EMPRESAS;19/04/2015;22/06/2020;02/08/2026;ATIVO;Campinas;SP;ATIVA;G;46;COMÉRCIO;46443;Comércio atacadista de medicamentos;4644301;2062;13000-000;Rua Exemplo, 115;C;2;CONSERVADOR;MEDIO;MEI - Opt. SIMEI;11;6;287264.16;7790934.31;2;1003100015;202609;15;0;0;0;0;1;0;1;1;1;0;0;0;1;1;0;1;0;1;0;1;0;0;0;1;1;0;0;0;1;1;0;0;0;0;0;0;0;1;0;1;1233703.74;2061706.56;1;0;1;2;2;0;51.80;10.87;3;17/06/2026;7376179.10;174874.54;287264.16;920476.33;1010878.43;81717.51;62311.05;240683.14;3764152.97;141502.71;0.1326;N
1004-100016;100016;12000016;12000016101626;EMPRESA EXEMPLO 17 LTDA;Rafael Almeida;G234567;C0000017;MEI;MEI;MEI;22/05/2016;27/07/2021;31/07/2026;ATIVO;Santos;SP;ATIVA;C;25;INDÚSTRIA;25110;Fabricação de estruturas metálicas;2511000;2062;11000-000;Rua Exemplo, 116;D;3;MODERADO;MEDIO;Micro - até R$360 mil;10;5;167628.52;4526346.47;2;1004100016;202609;13;0;1;0;0;0;0;1;0;0;0;1;0;1;0;0;0;0;0;0;1;0;1;0;0;1;1;0;0;1;1;1;0;0;0;0;0;1;1;0;0;2816233.30;597849.94;1;0;0;1;1;1;69.01;20.83;1;14/06/2026;4613235.70;116844.82;167628.52;1663039.32;833540.64;44803.18;44021.03;105865.71;3108755.88;87447.76;0.1476;S
1005-100017;100017;12000017;12000017101727;EMPRESA EXEMPLO 18 LTDA;Camila Santos;G345678;C0000018;PJ;NEGÓCIOS REDE;NEGÓCIOS REDE;25/06/2017;05/08/2022;29/07/2026;REATIVADO;Sorocaba;SP;ATIVA;J;62;TECNOLOGIA;62015;Desenvolvimento de programas de computador;6201501;2062;18000-000;Rua Exemplo, 117;E;4;ARROJADO;ALTO;Pequena - R$360 mil até R$3,6 Mi;9;4;188898.65;7901216.25;3;1005100017;202609;13;0;1;0;1;0;0;0;1;1;1;0;1;1;0;0;0;0;1;0;0;0;0;0;0;1;0;0;0;1;1;0;0;0;1;1;0;0;0;0;0;3798913.76;3130437.59;0;1;1;2;2;0;18.58;47.56;6;11/06/2026;7604957.89;130191.11;188898.65;871538.48;1332696.08;43968.56;50149.54;130256.12;2931969.41;85889.83;0.1430;N
1000-100018;100018;12000018;12000018101828;EMPRESA EXEMPLO 19 LTDA;Lucas Pereira;G456789;C0000019;PJ;PJ;PJ;01/07/2018;10/09/2023;27/07/2026;INATIVO;Osasco;SP;ATIVA;M;70;SERVIÇOS;70204;Consultoria em gestão empresarial;7020400;2062;06000-000;Rua Exemplo, 118;AA;0;CONSERVADOR;BAIXO;Média - R$3,6 Mi até R$150 Mi;8;3;119220.40;5519622.60;1;1000100018;202609;14;1;1;0;0;0;1;1;0;0;0;0;0;0;0;0;1;0;0;1;0;1;0;0;0;1;1;1;1;1;0;0;0;0;0;0;0;0;1;1;0;2924865.72;343667.38;1;0;1;2;2;0;59.30;9.52;5;08/06/2026;5594240.78;75077.25;119220.40;1497301.29;326623.66;27893.58;20050.39;81012.48;2900304.07;66583.55;0.0079;N
1001-100019;100019;12000019;12000019101929;EMPRESA EXEMPLO 20 LTDA;Fernanda Lima;G567890;C0000020;EMPRESAS;EMPRESAS;EMPRESAS;04/08/2019;15/10/2024;25/07/2026;PARALISADO;São Paulo;SP;ATIVA;I;56;ALIMENTAÇÃO;56112;Lanchonetes e similares;5611203;2062;01000-000;Rua Exemplo, 119;A;0;MODERADO;BAIXO;Grande - Acima de R$150 Mi;7;2;35322.14;1326686.39;1;1001100019;202609;16;1;1;0;0;0;1;0;1;0;0;0;0;0;1;0;0;1;0;1;1;1;0;1;0;1;0;0;0;1;1;1;0;1;1;0;0;0;0;0;0;269155.39;514480.68;1;1;0;2;2;0;56.36;59.08;2;05/06/2026;1238629.63;27504.26;35322.14;501766.62;885362.58;8999.82;6328.08;23263.02;1391077.46;15506.52;0.0171;N
1002-100020;100020;12000020;12000020102030;EMPRESA EXEMPLO 21 LTDA;Mariana Costa;G123456;C0000021;MEI;MEI;MEI;07/09/2000;20/11/2015;23/07/2026;ATIVO;Barueri;SP;ATIVA;G;46;COMÉRCIO;46443;Comércio atacadista de medicamentos;4644301;2062;06400-000;Rua Exemplo, 120;B;1;ARROJADO;BAIXO;MEI - Opt. SIMEI;26;11;151190.76;4118820.33;1;1002100020;202609;13;0;0;0;0;1;1;1;0;0;0;1;0;0;0;0;0;0;0;0;0;0;0;1;1;1;0;1;1;1;1;0;1;0;1;0;0;0;0;0;0;1856848.15;1783815.55;1;0;1;2;2;0;58.89;25.90;3;02/06/2026;4289851.63;143154.23;151190.76;912035.76;1217395.38;47999.35;44824.60;87617.34;2602202.01;49389.87;0.0786;S
1003-100021;100021;12000021;12000021102131;EMPRESA EXEMPLO 22 LTDA;Rafael Almeida;G234567;C0000022;PJ;NEGÓCIOS REDE;NEGÓCIOS REDE;10/10/2001;25/12/2016;21/07/2026;ATIVO;Campinas;SP;ATIVA;C;25;INDÚSTRIA;25110;Fabricação de estruturas metálicas;2511000;2062;13000-000;Rua Exemplo, 121;C;2;CONSERVADOR;MEDIO;Micro - até R$360 mil;25;10;87079.81;4909658.82;2;1003100021;202609;13;0;0;0;0;1;0;0;0;0;0;1;0;0;0;1;1;0;0;0;0;0;1;0;1;1;1;0;1;1;1;0;0;1;0;0;1;0;0;0;0;3196540.88;1980914.12;1;1;1;3;3;0;69.11;38.00;4;30/05/2026;5175858.37;76905.87;87079.81;94740.03;508462.74;26407.96;10990.33;59375.54;690876.49;49933.09;0.0248;N
1004-100022;100022;12000022;12000022102232;EMPRESA EXEMPLO 23 LTDA;Camila Santos;G345678;C0000023;PJ;PJ;PJ;13/11/2002;03/01/2017;19/07/2026;REATIVADO;Santos;SP;ATIVA;J;62;TECNOLOGIA;62015;Desenvolvimento de programas de computador;6201501;2062;11000-000;Rua Exemplo, 122;D;3;MODERADO;MEDIO;Pequena - R$360 mil até R$3,6 Mi;24;9;68728.90;3546373.37;2;1004100022;202609;11;0;1;0;0;0;0;0;0;0;0;0;0;0;0;0;0;0;0;0;0;0;1;1;0;1;0;1;0;1;1;0;1;0;1;0;0;1;0;0;1;2317575.47;1099319.97;0;0;0;0;0;0;38.12;6.83;0;27/05/2026;3509917.70;41363.66;68728.90;1586933.66;210711.38;14252.72;18278.61;54544.99;598231.13;43468.96;0.0119;N
1005-100023;100023;12000023;12000023102333;EMPRESA EXEMPLO 24 LTDA;Lucas Pereira;G456789;C0000024;EMPRESAS;EMPRESAS;EMPRESAS;16/12/2003;08/02/2018;17/07/2026;INATIVO;Sorocaba;SP;ATIVA;M;70;SERVIÇOS;70204;Consultoria em gestão empresarial;7020400;2062;18000-000;Rua Exemplo, 123;E;4;ARROJADO;ALTO;Média - R$3,6 Mi até R$150 Mi;23;8;72106.53;2106917.51;3;1005100023;202609;14;1;0;0;1;0;0;1;0;0;0;1;0;0;1;0;1;1;0;0;1;0;0;1;0;1;0;0;0;1;1;0;0;0;1;1;0;0;0;0;0;1181579.44;931947.92;1;0;1;2;2;0;71.01;16.38;6;24/05/2026;2229586.13;65618.86;72106.53;967491.72;277505.61;12760.73;17536.96;63472.62;196085.97;39388.37;0.0473;N
1000-100024;100024;12000024;12000024102434;EMPRESA EXEMPLO 25 LTDA;Fernanda Lima;G567890;C0000025;MEI;MEI;MEI;19/01/2004;13/03/2019;15/07/2026;PARALISADO;Osasco;SP;ATIVA;I;56;ALIMENTAÇÃO;56112;Lanchonetes e similares;5611203;2062;06000-000;Rua Exemplo, 124;AA;0;CONSERVADOR;BAIXO;Grande - Acima de R$150 Mi;22;7;48022.60;2535800.99;1;1000100024;202609;11;0;0;1;0;0;0;1;0;1;0;0;0;0;0;0;1;0;0;0;1;1;0;0;0;1;0;1;0;1;1;0;1;0;0;0;0;0;0;0;0;597606.34;743063.64;1;0;0;1;1;0;66.24;15.40;0;21/05/2026;2589100.90;40227.17;48022.60;1566997.70;57024.45;7849.13;12279.53;32569.65;1562274.89;24379.54;0.1423;S
1001-100025;100025;12000025;12000025102535;EMPRESA EXEMPLO 26 LTDA;Mariana Costa;G123456;C0000026;PJ;NEGÓCIOS REDE;NEGÓCIOS REDE;22/02/2005;18/04/2020;13/07/2026;ATIVO;São Paulo;SP;ATIVA;G;46;COMÉRCIO;46443;Comércio atacadista de medicamentos;4644301;2062;01000-000;Rua Exemplo, 125;A;0;MODERADO;BAIXO;MEI - Opt. SIMEI;21;6;95959.25;3026345.96;1;1001100025;202609;13;0;0;0;0;1;1;0;0;0;0;1;1;0;0;0;0;0;1;0;0;0;0;1;0;1;0;0;1;1;1;0;0;0;0;0;0;1;1;1;0;573337.80;633305.24;1;1;0;2;2;0;51.37;44.78;0;18/05/2026;2768601.17;73220.90;95959.25;1439528.53;720604.34;22277.81;17453.71;72086.05;545040.79;47645.97;0.0776;N
1002-100026;100026;12000026;12000026102636;EMPRESA EXEMPLO 27 LTDA;Rafael Almeida;G234567;C0000027;PJ;PJ;PJ;25/03/2006;23/05/2021;11/07/2026;ATIVO;Barueri;SP;ATIVA;C;25;INDÚSTRIA;25110;Fabricação de estruturas metálicas;2511000;2062;06400-000;Rua Exemplo, 126;B;1;ARROJADO;BAIXO;Micro - até R$360 mil;20;5;37296.45;1096410.12;1;1002100026;202609;14;0;0;0;1;0;0;0;0;0;1;0;1;0;0;0;1;1;0;1;0;0;1;0;0;0;1;0;0;1;0;1;0;1;0;0;1;1;0;0;1;360127.22;86823.85;0;1;1;2;2;0;28.37;57.48;3;15/05/2026;1147765.92;33614.25;37296.45;138627.81;662210.22;9206.64;5251.51;28432.24;1284700.87;22786.37;0.1463;N
1003-100027;100027;12000027;12000027102737;EMPRESA EXEMPLO 28 LTDA;Camila Santos;G345678;C0000028;EMPRESAS;EMPRESAS;EMPRESAS;01/04/2007;01/06/2022;09/07/2026;REATIVADO;Campinas;SP;ATIVA;J;62;TECNOLOGIA;62015;Desenvolvimento de programas de computador;6201501;2062;13000-000;Rua Exemplo, 127;C;2;CONSERVADOR;MEDIO;Pequena - R$360 mil até R$3,6 Mi;19;4;20047.33;1115667.92;2;1003100027;202609;10;0;0;0;1;1;1;0;0;0;1;0;1;0;0;0;0;0;0;0;0;1;0;0;0;1;0;1;0;1;1;0;0;0;0;0;0;0;0;0;0;622809.55;108804.85;1;0;1;2;2;0;67.33;23.18;4;12/05/2026;1117703.46;15537.23;20047.33;1950663.97;593886.05;6194.21;3364.28;17614.23;3032112.43;10915.01;0.0068;N
1004-100028;100028;12000028;12000028102838;EMPRESA EXEMPLO 29 LTDA;Lucas Pereira;G456789;C0000029;MEI;MEI;MEI;04/05/2008;06/07/2023;07/07/2026;INATIVO;Santos;SP;ATIVA;M;70;SERVIÇOS;70204;Consultoria em gestão empresarial;7020400;2062;11000-000;Rua Exemplo, 128;D;3;MODERADO;MEDIO;Média - R$3,6 Mi até R$150 Mi;18;3;19410.20;1165328.08;2;1004100028;202609;10;1;0;0;0;0;0;1;0;0;0;0;0;0;0;0;0;0;0;0;0;0;0;0;1;1;0;0;0;1;1;0;1;0;0;0;1;0;1;0;1;785070.60;401263.14;0;1;1;2;2;0;40.78;55.37;3;09/05/2026;1089158.14;17842.70;19410.20;143316.95;211433.32;3716.44;3202.88;15174.49;2125634.75;10012.33;0.0513;S
1005-100029;100029;12000029;12000029102939;EMPRESA EXEMPLO 30 LTDA;Fernanda Lima;G567890;C0000030;PJ;NEGÓCIOS REDE;NEGÓCIOS REDE;07/06/2009;11/08/2024;05/07/2026;PARALISADO;Sorocaba;SP;ATIVA;I;56;ALIMENTAÇÃO;56112;Lanchonetes e similares;5611203;2062;18000-000;Rua Exemplo, 129;E;4;ARROJADO;ALTO;Grande - Acima de R$150 Mi;17;2;92407.18;2885952.95;3;1005100029;202609;13;0;0;0;0;1;1;0;1;0;0;0;1;0;0;0;0;0;1;1;0;0;0;0;0;0;1;0;0;1;1;1;0;1;0;0;0;1;0;0;1;1612425.76;302987.00;0;1;0;1;1;1;41.00;51.63;0;06/05/2026;3033662.41;64734.53;92407.18;1929747.16;1466976.51;16780.05;21307.11;79306.30;1929013.60;61675.60;0.0428;N
